기존코드,리오더코드
SPLWG12G97,SPLWG23G97
SPPPG23U14,SPPPG37U24
SPPPG23U07,SPPPG37U25
SPJJG23KU2,SPJJG24KU1
SPMTG23KG9,SPMTG25KG1
SPRWG24G01,SPRWG37G11
SPJJG24G91,SPJJG37G90
SPRPG24KG9,SPRPG25KG6
SPRWG25G01,SPRWG37G12
SPJJG25G03,SPJJG37G03
SPJJG25GY1,SPJJG37GY1
SPPPG25U01,SPPPG37U16
SPPPG25U06,SPPPG37U17
SPPPG25U02,SPPPG37U22
SPPPG25U05,SPPPG37U23
SPRLG25U01,SPRLG37U32
SPRLG25U02,SPRLG37U33
SPRLG25U03,SPRLG37U34
SPRLG25U04,SPRLG37U35
SPRLG25U05,SPRLG37U36
SPRLG25U07,SPRLG37U37
SPRLG25U09,SPRLG37U38
SPRLG25U06,SPRLG37U39
SPTCG25C12,SPTCG37C04
SPTJG25C52,SPTJG37C52
SPTJG25G52,SPTJG37G52
SPSMG25KG1,SPSMG37KG2
SPSMG25KU3,SPSMG37KU3
SPCKG24G01,SPCKG37G01
SPCKG24G02,SPCKG37G02
SPCKG25G03,SPCKG37G03
SPJJG25C09,SPJJG37C09
SPJJG25G01,SPJJG37G01
SPJJG25GS1,SPJJG37GS1
SPJJG24KU1,SPJJG38KU2
SPRLG24KU2,SPRLG37KU3
SPRLG24KU1,SPRLG37KU4
SPRLG24KU4,SPRLG37KU5
SPMTG24G91,SPMTG37G04
SPPPG25U03,SPPPG37U26
SPPPG25U15,SPPPG37U27
SPPPG25U09,SPPPG37U28
SPPPG25U17,SPPPG37U31
SPRLG25U11,SPRLG37U41
SPRLG25U20,SPRLG37U42
SPRLG25U12,SPRLG37U46
SPRLG25U15,SPRLG37U47
SPRLG25U08,SPRLG37U49
SPRNG24G02,SPRNG37G22
SPRPG24G52,SPRPG37G52
SPRPG26G50,SPRPG37G53
SPRPG24G91,SPRPG37G54
SPRWG24G92,SPRWG37G07
SPRWG25G02,SPRWG37G13
SPTCG25C03,SPTCG37C03
SPTCG25G11,SPTCG37G11
SPTCG25G01,SPTCG37G30
SPTCG25G02,SPTCG37G31
SPTCG25G03,SPTCG37G32
SPTNG24C01,SPTNG38C01
SPTNG24G01,SPTNG38G02
SPYCG25C06,SPYCG37C06
SPYCG23C99,SPYCG37C99
SPYJG24C01,SPYJG37C02
SPYJG24G01,SPYJG37G01
SPYWG25C05,SPYWG37C05
SPBNG24W93,SPBNG38W93
SPBNG24W94,SPBNG38W94
SPBNG24W95,SPBNG38W95
SPLOG24KU2,SPLOG37KU2
SPMTG26C01,SPMTG37C01
SPMTG26C02,SPMTG37C02
SPMTG25C61,SPMTG37C61
SPMTG23C64,SPMTG37C64
SPOJG24G01,SPOJG37G01
SPPPG25KG1,SPPPG37KG2
SPPPG25U10,SPPPG37U32
SPPPG25U07,SPPPG37U33
SPRLG24KU5,SPRLG37KU6
SPRLG23U02,SPRLG37U53
SPRPG25C50,SPRPG37C50
SPRPG25C51,SPRPG37C51
SPRPG25C52,SPRPG37C52
SPRPG25C60,SPRPG37C60
SPRPG24C61,SPRPG37C61
SPRPG24C62,SPRPG37C62
SPRPG25C63,SPRPG37C63
SPRPG25C62,SPRPG37C64
SPRPG24C60,SPRPG37C65
SPRPG25C61,SPRPG37C69
SPRPG25C70,SPRPG37C70
SPRPG25G51,SPRPG37G33
SPRWG25C06,SPRWG37C06
SPRWG25G04,SPRWG37G30
SPRWG25G07,SPRWG37G31
SPRWG25G06,SPRWG37G32
SPRWG25G90,SPRWG37G33
SPRWG25G05,SPRWG37G34
SPRWG25G09,SPRWG37G35
SPRWG25M02,SPRWG37M02
SPTCG24G92,SPTCG38G90
SPWHG25G01,SPWHG37G11
SPWHG25G11,SPWHG37G12
SPWHG26G90,SPWHG37GY3
