style_code,style_name
SPJPG11C24,[씬라이트] 후드 재킷 (SPJPF4TC24 RE)
SPRLG25U09,[가나디] 반팔 티셔츠
SPPPG25U01,[산리오캐릭터즈] 반팔 파자마
SPCKG23W01,[소프트얀] 여성 라운드넥 카디건
SPFZG11C01,[리사이클] 베이직 퍼플리스 집업 (SPFZF4TC01 RE)
SPJJG25G01,[UV차단] 라이트 후드 윈드브레이커
SPPPG25U18,[미니틴] 반팔 파자마
SPCKG24G01,[COOL] 썸머 카디건
SPPPG25U05,[먼작귀] 먼가 작고 귀여운 여름 반팔 파자마
SPPPG25U06,[가나디] 반팔 파자마
SPJJG37G02,[ACTIVE] 라이트 시어 후드 크롭 윈드브레이커
SPTNG37G01,여성 데님 버뮤다 쇼츠
SPPPG23U07,[산리오캐릭터즈] 헬로키티 레오파드 잠옷바지
SPPPG25U03,[망그러진곰] 망고미 반팔 파자마
SPJJG25C09,[UV차단] 라이트 패커블 윈드브레이커
SPPPG23U02,[망그러진곰] 망고미 긴팔 파자마
SPPPG23U01,[산리오캐릭터즈] 긴팔 파자마
SPMTG26C02,[COOL] 원턱 버뮤다 쇼츠
SPTJG23C51,와이드 진
SPRWG25G01,[코튼스판] 세미 크롭 슬림 반팔티
SPYWG37W01,시스루 셔츠
SPCKG24G02,[COOL] 썸머 골지 카디건
SPYCG37C01,오버핏 체크 셔츠
SPJLG11W04,[신세틱레더] 퍼배색 무스탕 (SPJLF4VW04 RE)
SPMTG12C02,[프렌치테리] 원턱 와이드 스웨트팬츠
SPRWGA9A02,[2PACK] COOL 루즈핏 반팔티
SPTJGA9G51,롱 와이드 진
SPRWGA9C01,[COOL코튼] 루즈핏 반팔티
SPTJG25C51,[COOL] 와이드 진
SPTCG23G02,여성 벌룬 와이드 코튼 팬츠
SPRWGA9A01,[2PACK] 코튼 레귤러핏 반팔티
SPYJG24C01,오버핏 반팔 데님 셔츠
SPTCG25G11,와이드 카고 팬츠 (나일론)
SPTJG25G51,[COOL] 롱 와이드 진
SPRWG24G01,헨리넥 반팔티
SPPPG25KU3,[키즈] (망그러진곰) 망고미 반팔 파자마
SPJPG11G31,[씬라이트] 여성 후드 재킷
SPTCG23G01,와이드 코튼 팬츠
SPMZG23G01,[프렌치테리] 여성 2-WAY 후드 집업
SPPPG25KU1,[키즈] (산리오캐릭터즈) 반팔 파자마
SPMZG23C01,[프렌치테리] 2-WAY 후드 집업
SPTCG25G01,[COOL] 와이드 코튼 팬츠
SPTNG37C01,데님 버뮤다 쇼츠
SPJDG11KG1,[키즈] 파스텔 푸퍼 (하이브리드 다운)
SPRLG25U05,[산리오캐릭터즈] 반팔 티셔츠
SPRWG37G01,[코튼스판] 캡소매 절개 반팔티
SPTJG23G61,부츠컷 진
SPJPG11G21,[씬라이트] 여성 2-WAY 재킷 (SPJPF4TG21 RE)
SPJJG24G01,[UV차단] 세미 크롭 윈드브레이커
SPPPG23U05,[가나디] 당도체고 가나디 긴팔 파자마
SPTJG25G61,[COOL] 부츠컷 진
SPTCG23C03,벌룬 와이드 코튼 팬츠
SPPPG11U04,[가나디] 천사와 악마 수면 파자마
SPPPG25U02,[짱구] 꿀잠 자는 짱구 반팔 파자마
SPCKG25G50,(릴리베어) 케이블 카디건
SPPPG25KU4,[키즈] (포켓몬) 반짝이는 반팔 파자마
SPPPG23U06,[먼작귀] 긴팔 파자마
SPJJG23C02,후드 윈드브레이커
SPYCG25C06,롤업 반팔 체크 셔츠
SPRPG25C51,(우디) 소프트코튼 반팔티
SPTCG24C01,와이드 밴딩 팬츠 (코튼)
SPMTG12C01,[프렌치테리] 와이드 스웨트팬츠
SPJPG11C11,베이직 푸퍼 (SPJPF4TC11 RE)
SPJLG12M05,[신세틱레더] 스웨이드 트러커
SPTJG23C41,스트레이트 진
SPTCG25G12,벌룬 와이드 팬츠 (나일론)
SPKWG25M02,[코튼100] 헨리넥 반팔니트
SPJJG23C03,[3-LAYER] 테크니컬 윈드브레이커
SPTJG23G53,여성 벌룬 와이드 진
SPPPG23U04,[리락쿠마] 쿠마들의 자유시간 긴팔 파자마
SPRLG37U38,[가나디] 반팔 티셔츠 (SPRLG25U09 RE)
SPMTG24G05,[소프트코튼] 와이드 스웨트팬츠
SPRNG37G01,[BRA-IN] 골지 끈 나시
SPPPG25KU7,[키즈] (산리오캐릭터즈) 잘 시간이야 프릴 파자마
SPRLG25U04,[먼작귀] 반팔 티셔츠
SPCKG37G01,[COOL] 썸머 카디건 (SPCKG24G01 RE)
SPSMG23KU2,[키즈] 레터링 상하세트
SPJJG25KU2,[키즈] 라이트 후드 윈드브레이커
SPPPG37U25,[산리오캐릭터즈] 헬로키티 레오파드 잠옷바지 (SPPPG23U07 RE)
SPTCG24C02,테이퍼드 밴딩 팬츠 (코튼)
SPTJG25G31,[COOL] 스트레이트 진
SPTJG23G31,스트레이트 진
SPTJG23C53,벌룬 와이드 진
SPJJG23C11,[UV차단] 배색 윈드브레이커
SPWHG37G01,티어드 롱 스커트
SPYWG25M03,[프리미엄] 릴랙스핏 셔츠 (리넨 100%)
SPPPG23KU2,[키즈] (망그러진곰) 망고미 긴팔 파자마
SPMTG12G01,[프렌치테리] 여성 와이드 스웨트팬츠
SPPPG37KG1,[키즈] (캐치!티니핑6) 반팔 원피스 파자마
SPTJG23KU4,[키즈] 와이드 진
SPJJG37C02,[ACTIVE] 라이트 시어 윈드브레이커
SPTNG37KU1,[키즈] 데님 버뮤다 쇼츠
SPSMG24KU1,[키즈][COOL] 스케이트보드 상하세트
SPPPG11U02,[먼작귀] 먼가 따뜻한 수면 파자마
SPJLG12M01,[신세틱레더] 스웨이드 재킷
SPMZG23G50,PROVINCE 후드 집업
SPTCG23M01,[시티웨어] 워크 팬츠 (셋업)
SPTCG25C12,와이드 파라슈트 팬츠 (나일론)
SPRPG24G50,ALLSTON 레이어드 반팔티
SPKWG25M01,[코튼블렌드] 칼라넥 반팔니트
SPSMG25KG1,[키즈] (산리오캐릭터즈) 스커트 상하세트
SPLWG23G02,헨리넥 긴팔티
SPJLG12W16,[신세틱레더] 여성 스웨이드 테일러드 재킷 (SPJLF49W16 RE)
SPTNG38G01,데님 쇼츠
SPRPG24G52,BOSTON 슬림핏 반팔티
SPPPG25U09,[리락쿠마] 쿠마들의 느긋한 반팔 파자마
SPCKG12G50,(우디) 케이블 카디건
SPSMG23KU1,[키즈] 그래픽 상하세트
SPYJG24G01,릴랙스핏 반팔 데님 셔츠
SPLWG23G01,[코튼스판] 골지 긴팔티
SPPPG11U01,[담곰이] 포근하담곰 수면 파자마
SPTJG25C41,[COOL] 스트레이트 진
SPRLG25U16,[미니틴] 반팔 티셔츠
SPJPG11G01,파스텔 푸퍼 (SPJPF4TG01 RE)
SPTJG24C55,와이드 밴딩 팬츠 (데님)
SPMTG24G01,[프렌치테리] A라인 쇼츠
SPWRGA9A12,[COMFORT] 심리스 후크타입 브라
SPLOG37A01,[COMFORT] 시어서커 반팔 파자마
SPYWG25G01,여성 세미 오버핏 반팔 셔츠
SPJJG23G01,오버핏 스티치 윈드브레이커
SPAWG23U01,[진격의거인] 후드 담요
SPRLG25U01,[담곰이] 반팔 티셔츠
SPMZG11C60,NY.STATE 후드 집업 (기모)
SPTCG25G03,여성 와이드 밴딩 팬츠
SPCKG11KU1,[키즈] 코튼블렌드 쿠디 케이블 카디건
SPYWG23C51,오버핏 옥스포드 셔츠
SPPPG23KU1,[키즈] (산리오캐릭터즈) 체크 긴팔 파자마
SPKWG23W02,[소프트얀] 여성 브이넥 니트
SPBWG25W01,셔링 레이스 반팔 블라우스
SPKWG24G01,[COOL] 썸머 케이블 반팔니트
SPJPG12G22,[씬라이트] 여성 2-WAY 패쪼 (SPJVF4TG22 RE)
SPJJG25G03,플라워 윈드브레이커
SPYSG23G02,[파인코튼] 여성 스트라이프 오버핏 셔츠
SPPPG37KU1,[키즈] (캐치!티니핑6) 반팔 파자마
SPTCG25G02,[COOL] 여성 벌룬 와이드 코튼 팬츠
SPJJG11U01,[하츠네미쿠] 트랙 재킷
SPRPG24C60,BOSTON 링거 반팔티
SPRPG24G51,NORTH END 링거 반팔티
SPPPG25U08,[해리포터] 호그와트 매직패스 반팔 파자마
SPLWG24G01,[COMFORT] 펀칭 긴팔 카디건
SPRPG26C60,BAYMONT 아플리케 반팔티
SPTCG23C01,와이드 치노 팬츠
SPMZG24G05,[소프트코튼] 래글런 후드 집업
SPHWG25C53,(우디) 럭비 반팔티
SPRPGA9C70,[2PACK] (우디) 반팔티
SPPPG25KU2,[키즈] (짱구) 꿀잠 반팔 파자마
SPJLG12W15,[신세틱레더] 여성 스웨이드 하프 코트
SPRPG24C61,CHARLES 체인자수 반팔티
SPTJG12KU1,[키즈] 절개 롱 와이드 데님
SPRWG25M02,밀라노 레터링 반팔티
SPRLG25U02,[리락쿠마] 반팔 티셔츠
SPMTG37G01,[프렌치테리] 버뮤다 쇼츠
SPPPG23U03,[담곰이] 어서 날 입으라곰! 긴팔 파자마
SPLWG23C01,[내추럴코튼] 루즈핏 긴팔티
SPTJG25G52,[COOL] 여성 벌룬 와이드 진
SPRNG24G02,[BRA-IN] 골지 민소매 티
SPWRGA9A11,[COMFORT] 심리스 컴포트 브라
SPRWG25C02,[수피마코튼] 레귤러핏 반팔티
SPSMG25KU3,[키즈] (산리오캐릭터즈) 반팔 데님 상하세트
SPMWG23KU1,[키즈] 쿠디 스트라이프 스웨트셔츠
SPYJG23C01,오버핏 데님 셔츠
SPMTG37G02,[에어비스코스] 골지 롱 와이드 팬츠
SPWHG25G01,플레어 롱 스커트
SPLWG12C50,(우디) 럭비 긴팔티
SPPPG11U08,[다마고치] 수면 파자마
SPYWG23C01,[파인코튼] 릴랙스핏 셔츠
SPRPG24C62,NANTUCKET 74 반팔티
SPMZG23G02,여성 와플 후드 집업
SPMZG37G02,[에어비스코스] 골지 후드집업
SPJLG11M07,[신세틱레더] 무스탕 점퍼 (SPJLF4VM07 RE)
SPRWG25G04,레이어드 셔링 반팔티
SPCKG11C01,[소프트얀] 헤어리 라운드넥 카디건
SPWRGA9A20,[COMFORT] 여성 모달 브라 캐미솔
SPJPG12C51,베이직 롱패딩 (SPJPF4VC11 RE)
SPJWG11W01,[울블렌드] 벨티드 발마칸 코트 (SPJWF4VW01 RE)
SPTJGA9C21,테이퍼드 진
SPMTG26C01,[프렌치테리] 루즈핏 쇼츠
SPTHG37G11,[ACTIVE] 라이트 쇼츠 (나일론)
SPRLG23U01,[진격의거인] 반팔 티셔츠
SPMTG25C61,[COOL] 카고 버뮤다 쇼츠
SPKWG24KU1,[키즈] 쿠디 케이블 반오픈 반팔니트
SPTJG23G56,여성 빈티지 롱 와이드 진
SPTHG25C21,[시티웨어] 카고 쇼츠
SPRPGA9C71,서울 호랑이 반팔티
SPJJG25G11,[UV차단] 라이트 체크 후드 윈드브레이커
SPPPG11U12,[망그러진곰] 부앙단과 같이 수면 파자마 (SPPPF4VU02 RE)
SPTAG25M21,[COOL] 테이퍼드 슬랙스
SPPPG25U07,[다마고치] Y2K 패치워크 반팔 파자마
SPHWG25G50,(릴리베어) 칼라티
SPPPG23KU4,[키즈] (캐치!티니핑) 긴팔 파자마
SPTJG25C52,[COOL] 벌룬 와이드 진
SPMTG24G06,[소프트코튼] 앵클 와이드 스웨트팬츠
SPJWG11GY4,더플 숏 코트 (SPJWF4TGY4 RE)
SPSMG37KU1,[키즈][COOL] 러닝 베어 상하세트
SPYWG25CY2,(우디) 오버핏 반팔 옥스포드 셔츠
SPRLG25U03,[망그러진곰] 반팔 티셔츠
SPMTG24C60,BOSTON 버뮤다 쇼츠
SPMHG23U01,[진격의거인] 후드 스웨트셔츠
SPTJG11C51,[WARM] 와이드 진
SPTCG25C14,[ACTIVE] 스트레치 카고 조거 팬츠 (나일론)
SPJJG23KU1,[키즈] [UV차단] 배색 후드 윈드브레이커
SPMTG23C01,[프렌치테리] 벌룬 와이드 스웨트 팬츠
SPSMG25KU1,[키즈][COOL] 데님 상하세트
SPDRGA9M01,[링클프리] 레귤러핏 드레스 셔츠
SPRWG37G11,헨리넥 반팔티 (SPRWG24G01 RE)
SPRWG24G02,[COMFORT] 펀칭 헨리넥 반팔티
SPTNG24C01,밴딩 쇼츠 (데님)
SPTHG37C01,밴딩 쇼츠 (코튼)
SPMWGA9C11,[프렌치테리] 라운드넥 스웨트셔츠
SPSMG37KU2,[키즈][COOL] 썸머 비치 상하세트
SPTHG37C11,[ACTIVE] 스트레치 쇼츠 (나일론)
SPPPG25U10,[몰티즈] 잘 시간이네 반팔 파자마
SPYWG25C05,[시티웨어] 오버핏 반팔 셔츠
SPTJG24G55,여성 와이드 밴딩 팬츠 (데님)
SPRPG26G50,U.S.A 슬림핏 반팔티
SPMNG12C50,(우디) 헤리티지 스웨트셔츠
SPJPG12C23,[씬라이트] 하이넥 재킷 (SPJPF4TC23 RE)
SPPPG25U04,[담곰이] 엄청 시원하담곰 반팔 파자마
SPRPG25C50,(우디) 헤리티지 반팔티
SPMTG25C51,(우디) 소프트코튼 쇼츠
SPRSG24KU1,[키즈] 쿠디 폴로 칼라 스트라이프 반팔티
SPTCG23KU1,[키즈] 2-WAY 카고 파라슈트 팬츠 (나일론)
SPPPG23U09,[진격의거인] 긴팔 파자마
SPPPG11U03,[리락쿠마] 리락쿠마 수면 파자마
SPYSG37W91,(QR) 스트라이프 시스루 셔츠
SPLSG23KU2,[키즈] 쿠디 멀티 스트라이프 긴팔티
SPRLG37U36,[산리오캐릭터즈] 반팔 티셔츠 (SPRLG25U05 RE)
SPMTG23G02,[프렌치테리] 벌룬 와이드 스웨트팬츠
SPSMG25KG3,[키즈] (캐치!티니핑6) 스커트 상하세트
SPOJG24G01,웨스턴 데님 원피스
SPYWG25C01,오버핏 반팔 셔츠
SPKWG23W03,[소프트얀] 스퀘어넥 니트
SPKWG12C50,(우디) 케이블 라운드넥 스웨터
SPLWG23W01,[모달] 슬림핏 긴팔티
SPLSG23C03,[내추럴코튼] 멀티 스트라이프 긴팔티
SPYCG25G51,체크 슬림핏 반팔 셔츠
SPJJG23G03,여성 체크 후드 윈드브레이커
SPWHG25G11,스트레치 롱 스커트 (나일론)
SPTJG25C21,[COOL] 테이퍼드 진
SPJJG25C21,[시티웨어] 반팔 셔츠
SPRSG24KU2,[키즈] 쿠디 스트라이프 반팔티
SPPPG11U11,[산리오캐릭터즈] 노곤노곤 수면 파자마 (SPPPF4VU01 RE)
SPRPG24G55,ALLSTON 래글런 셔링 반팔티
SPJLG12W17,[신세틱레더] 여성 스웨이드 블루종 점퍼
SPMZG23KU1,[키즈] [프렌치테리] 쿠디 후드 집업
SPMTG23C66,피그먼트 버뮤다 쇼츠
SPRPG37KU4,[키즈][COOL] 쿠디 그래픽 반팔티
SPCKG12G01,[울블렌드] 라운드넥 케이블 카디건(SPCKF4TG01 RE)
SPPPG25U17,[개구리 중사 케로로] 반팔 파자마
SPJEG23KU1,[키즈] 데님 재킷
SPRPG24G53,BEANTOWN 헨리넥 반팔티
SPLWG23G04,레이어드 긴팔티
SPRPG37G54,레터 넘버링 오프숄더 반팔티 (SPRPG24G91 RE)
SPKWG37G01,캡소매 헨리넥 니트
SPTNG25KU1,[키즈] 쿨 경량 5부 데님 쇼츠
SPJJG23M06,헌팅 재킷
SPLWG23GY2,스트라이프 레이어드 긴팔티
SPMZG25C02,와플 후드 집업
SPTJG24KU1,[키즈] 쿨 경량 세미와이드 진
SPJLG12W14,[신세틱레더] 여성 스탠칼라 스웨이드 재킷
SPTNG25KG1,[키즈] 여아 버뮤다 데님 쇼츠
SPKWG11G01,[소프트얀] 여성 헤어리 라운드넥 스웨터
SPTHG37G01,핀턱 쇼츠
SPMNG11C61,BROOKLYN 체인자수 후드 풀오버 (기모)
SPTAG23W01,롱 와이드 슬랙스
SPKWG23G03,멀티 스트라이프 칼라넥 니트
SPMTG23G04,여성 와플 와이드 스웨트팬츠
SPMNG23C65,카모 아플리케 후드 풀오버
SPKWG12G50,(우디) 케이블 브이넥 스웨터
SPMTG37G04,벌룬 와이드 스웨트팬츠 (SPMTG24G91 RE)
SPRPG24KU1,[키즈][COOL] 링거 반팔티
SPRWG25G02,[수피마코튼] 여성 라운드넥 레귤러핏 반팔티
SPKWG11C02,[소프트얀] 헤어리 스트라이프 스웨터
SPRLG23U02,[한교동] 래글런 반팔 티셔츠
SPLWG23G03,홀터넥 레이어드 긴팔티
SPKWG24G02,[COOL] 보트넥 루즈핏 니트
SPAWG37U08,[나루토] 후드 담요
SPJPG11C22,[씬라이트] 2-WAY 재킷 (SPJPF4TC22 RE)
SPWPGA9A20,[3PACK] 여성 힙허거 팬티
SPJVG11C21,[씬라이트] 2-WAY 패쪼 (SPJVF4TC21 RE)
SPTAG23W03,랩 플레어 와이드 슬랙스
SPRPG25G51,(릴리) 헤리티지 반팔티
SPYWG23CY2,(우디) 오버핏 옥스포드 셔츠
SPMNG12C72,BOSTON 스웨트셔츠
SPTAG23M51,히든밴딩 와이드 슬랙스
SPPPG37U16,[산리오캐릭터즈] 반팔 파자마 (SPPPG25U01 RE)
SPMTG25C31,와플 와이드 스웨트팬츠
SPWRGA9A02,[COOLTECH] 여성 브라 캐미솔
SPMNG12C71,(우디) SUNDAY 후드 풀오버
SPRNG37G04,골지 끈 나시
SPYWG25W03,[리넨블렌드] 반오픈 반팔 셔츠
SPBWG23W01,뷔스티에 블라우스 세트
SPTAG25M51,[COOL] 와이드 슬랙스
SPPPG25U20,[트릭컬 리바이브] 볼따구 반팔 파자마
SPKWG23G01,[소프트얀] 랩 버튼 니트
SPTMG37KU1,[키즈][COOL] 카고 버뮤다 팬츠
SPRWG24G03,모크넥 셔링 반팔티
SPTMG25KU1,[키즈][COOL] 베이직 버뮤다 팬츠
SPTCG23G03,와이드 카고 팬츠
SPMZG11G31,코듀로이 후드 집업
SPMNG23GY0,카모 오프숄더 스웨트셔츠
SPMZG23CY1,(우디) 자수 후드 집업
SPTJG23KU1,[키즈] 세미와이드 진
SPMNG12C73,USA 후드 풀오버
SPTJG11G51,[WARM] 롱 와이드 진
SPRSG25C04,[내추럴코튼] 멀티 스트라이프 반팔티
SPKWG11C01,[소프트얀] 헤어리 라운드넥 스웨터
SPMZG23GY0,FIVEBORO 피그먼트 후드집업
SPMZG23C02,[프렌치테리] 2-WAY 스트라이프 후드 집업
SPMWG23G01,오프숄더 스웨트셔츠
SPYSG23C02,[시어서커] 릴랙스핏 스트라이프 셔츠
SPJKG25W01,벨티드 반팔 재킷
SPTAG37M25,테이퍼드 밴딩 팬츠 (레이온)
SPWHG23W11,플리츠 미니 스커트
SPYCG38KU1,[키즈] 썸머 체크 셔츠
SPTAGA9M23,[ACTIVE] 이지 팬츠
SPTHG37KU2,[키즈] 4.5부 쇼츠 (나일론)
SPYJG23G01,여성 레귤러핏 데님 셔츠
SPRPG37G72,[COOL] BOSTON 심플레터 반팔티
SPPPG37U31,[개구리 중사 케로로] 반팔 파자마 (SPPPG25U17 RE)
SPARG37KG1,[키즈] (산리오캐릭터즈) 여아 래쉬가드 세트
SPTCG25C03,[COOL] 벌룬 와이드 코튼 팬츠
SPRLG25U06,[산리오캐릭터즈] 세미 크롭 반팔 티셔츠
SPRLG25U07,[짱구] 반팔 티셔츠
SPRNG24G01,[COMFORT] 펀칭 끈 나시
SPRLG37U35,[먼작귀] 반팔 티셔츠 (SPRLG25U04 RE)
SPMHG12KU1,[키즈] 그래픽 후드 스웨트셔츠
SPTJG23C56,빈티지 롱 와이드 진
SPYJG23CY2,(우디) 오버핏 데님 셔츠
SPRPG25C60,BAYSHORE 피그먼트 반팔티
SPJKG23W03,타이 스트랩 트위드 재킷
SPBNG37W02,(QR) 프릴 민소매 블라우스
SPJWG11M01,[울블렌드] 싱글 코트 (SPJWF4VM01 RE)
SPRWG25G06,스트라이프 레이어드 반팔티
SPKWG25M03,[코튼100] 칼라넥 스트라이프 반팔니트
SPPPG37U07,[호빵맨] 반팔 파자마
SPMNG23C62,BEANTOWN 피그먼트 스웨트셔츠
SPRPG25C52,(우디) 프렌즈 반팔티
SPJJG23CY1,후드 재킷
SPPPG23KG1,[키즈] (캐치!티니핑) 긴팔 원피스 파자마
SPWJG23G01,데님 맥시 스커트
SPCKG25G03,[COOL] 레이어드 반팔 카디건
SPMTG11G31,코듀로이 와이드 밴딩 팬츠
SPMTG23C64,카모 버뮤다 쇼츠
SPJJG23G13,도트 윈드브레이커
SPKWG11M01,[소프트얀] 헨리넥 스웨터
SPPPG23KU3,[키즈] (포켓몬) 체크 긴팔 파자마
SPJJG23G02,오버핏 봄버 재킷
SPRPG24G70,BOSTON 레터 반팔티
SPTNG37KU2,[키즈] 데님 카펜터 버뮤다 쇼츠
SPTAGA9M21,히든밴딩 테이퍼드 슬랙스
SPJPG12KU1,[키즈] [씬라이트] 후드 재킷
SPMZG11C02,[프렌치테리] 2-WAY 후드 집업(기모) (SPMZF4TC02 RE)
SPJAG12KU2,[키즈] 바시티 재킷
SPKWG12W04,[울블렌드] 브이넥 스웨터 (SPKWF4TW04 RE)
SPJPG11C31,[씬라이트] 후드 재킷 (립스탑)
SPRLG37U22,[나루토] 반팔 티셔츠
SPTAG25W11,세미 와이드 슬랙스 (레이온)
SPLOGA9A04,[COMFORT] 코튼 긴팔 파자마
SPRWG25C06,[ACTIVE] 소로나 라운드넥 반팔티
SPAYGA9A03,[5PACK] 라이트 미들 삭스
SPLWG23C02,와플 긴팔티
SPKWG11M02,[소프트얀] 헤어리 칼라넥 스웨터
SPSMG12KG2,[키즈] (산리오캐릭터즈) 후드 상하세트
SPKWG11C03,[울블렌드] 케이블 라운드넥 스웨터(SPKWF4TC02 RE)
SPYWG25W02,[프리미엄] 여성 긴팔 셔츠 (리넨 100%)
SPRLG11U03,[헌터X헌터] 반팔 티셔츠
SPRPG25C63,[COOL] BOSTON 1630 반팔티
SPTAG23W11,[스트레치] 와이드 밴딩 슬랙스
SPCKG12G52,(우디) 칼라넥 집업 카디건
SPKWG12M02,[소프트얀] 라운드넥 니트
SPTCG24KU3,[키즈] 파라슈트 2-WAY 팬츠
SPTAGA9W11,스트레이트 슬랙스
SPYJG24KU1,[키즈] 쿨 경량 데님 반팔 셔츠
SPDRG24M01,[링클프리] 반팔 드레스 셔츠
SPHWG24KU1,[키즈] 쿠디 폴로 칼라 반팔티
SPRSG24KG1,[키즈] 여아 레이어드 헨리넥 반팔티
SPTCG37C01,[리넨블렌드] 투턱 와이드 팬츠
SPJJG23M02,헤링턴 집업 재킷
SPKWG25G01,[COOL] 헨리넥 골지 반팔 니트
SPTAG23W12,[스트레치] 부츠컷 밴딩 슬랙스
SPMZG25U01,[트릭컬 리바이브] 버터 후드 집업
SPJJG23U01,[진격의거인] 피쉬테일 롱 야상
SPKAG23W02,[소프트얀] 모크넥 반팔 니트
SPRNG37C01,[COOL코튼] 민소매 티
SPRWGA9KU1,[키즈] [2PACK] 코튼 레귤러핏 반팔티
SPTJGA9KU2,[키즈] 스트레이트 진
SPOWG37W01,민소매 원피스 (나일론)
SPKWG12G02,[울블렌드] 여성 케이블 라운드넥 스웨터 (SPKWF4TG02 RE)
SPTAG25W04,[COOL] 랩 플레어 와이드 슬랙스
SPYSG23W04,버튼 랩 셔츠
SPRPG25KU1,[키즈][COOL] 오버핏 그래픽 반팔티
SPJEG23CY1,데님 후드 재킷
SPCKG25G01,[COOL] 라운드넥 미니 케이블 반팔 카디건
SPTRGA9A20,[2PACK] 남성 모달 드로즈
SPJAG11C05,(후드탈착) 오버핏 MA-1 항공 점퍼 (SPJAF4TC05 RE)
SPSMG24KU2,[키즈] 그래픽 스웻 상하세트
SPTJG11C41,[WARM] 스트레이트 진
SPYCG23C03,남성 크롭 체크 셔츠
SPCKG37G02,[COOL] 썸머 골지 카디건 (SPCKG24G02 RE)
SPPPG11U09,[헌터X헌터] 수면 파자마
SPAWG25U03,[트릭컬 리바이브] 스피키 쿠션
SPTAGA9M22,히든밴딩 앵클 테이퍼드 슬랙스
SPRPGA9C73,(우디) 서울투어 반팔티(SPRPFA9C72 RE)
SPTJG11G61,[WARM] 부츠컷 진
SPYJG23CY1,웨스턴 데님 셔츠
SPRWG37G30,레이어드 셔링 반팔티 (SPRWG25G04 RE)
SPBNG37W01,민소매 백버튼 블라우스 (나일론)
SPLWG12GY0,PROVINCE 스트라이프 칼라넥 긴팔티
SPMTG11G50,NYC 와이드 스웨트팬츠 (기모)
SPWPGA9A11,[COMFORT] 여성 심리스 힙허거 팬티
SPTCGA9C02,스트레이트 치노 팬츠
SPYWG25M04,[리넨블렌드] 오버핏 반팔 셔츠
SPGMG37CS1,[ACTIVE] 쿨 트리코트 티셔츠
SPLOG24KU1,[키즈] (산리오캐릭터즈) 3부 모달 실내복
SPYWGA9G01,[고밀도코튼] 여성 오버핏 셔츠 (바이오워싱)
SPWHG12W14,[신세틱레더] 스웨이드 미니 스커트
SPTNG24G01,여성 밴딩 쇼츠 (데님)
SPWHG23W12,플리츠 롱 스커트
SPWRGA9A01,[COOLTECH] 여성 캐미솔
SPPPG25U15,[포켓몬] 반팔 파자마
SPJWG11MY2,[울블렌드] 발마칸 코트 (SPJWF4VMY2 RE)
SPTJG24KU2,[키즈] 쿨 경량 원턱 와이드 진
SPMNG11G50,STATEN ISLAND 체인자수 후드 풀오버 (기모)
SPMTG11C01,[프렌치테리] 와이드 스웨트팬츠 (기모) (SPMTF4TC01 RE)
SPSMG12KG1,[키즈] 크롭 상하세트
SPMTG11C61,BROOKLYN 와이드 스웨트팬츠 (기모)
SPWJG25GY1,데님 미니 스커트
SPWHG25W01,더블 플리츠 롱 스커트
SPJJG23M01,미니멀 집업 재킷
SPLOGA9KU2,[키즈] (산리오캐릭터즈) 라운지 상하세트
SPTJG11G31,[WARM] 스트레이트 진
SPRLG24KU2,[키즈] (산리오캐릭터즈) 반팔티
SPRWG25G07,도트 반팔티
SPRPG26C61,BOSTON 74 링거티
SPLSG23C04,[내추럴코튼] 멀티 스트라이프 럭비티
SPLWG24GY0,플라워 나시 카디건 세트
SPTAG37W11,투턱 와이드 슬랙스 (나일론)
SPRLG37U06,[다마고치] 반팔 티셔츠
SPRNG37G06,헨리넥 민소매 티
SPRWG25G05,홀터넥 나시 레이어드 반팔티
SPRPGA9C72,(우디) 한복 반팔티
SPRLG25U19,[트릭컬 리바이브] 반팔 티셔츠
SPRPG24KG1,[키즈][COOL] 여아 그래픽 래글런 반팔티
SPJJG23GS1,[3-LAYER] 하프기장 테크니컬 윈드브레이커
SPJJG26G01,[ACTIVE] 시어 후드 베스트
SPTAG23M41,히든밴딩 스트레이트 슬랙스
SPRSG25M01,피케 스트라이프 반팔티
SPJJG37C03,시어서커 체크 윈드브레이커
SPSMG37KG2,[키즈] (산리오캐릭터즈) 스커트 상하세트 (SPSMG25KG1 RE)
SPMZG25U02,[트릭컬 리바이브] 교주 후드 집업
SPRLG37U33,[리락쿠마] 반팔 티셔츠 (SPRLG25U02 RE)
SPTHG37KU4,[키즈] 카고 버뮤다 쇼츠 (나일론)
SPRWG37G12,[코튼스판] 세미 크롭 슬림 반팔티 (SPRWG25G01 RE)
SPMTG37G03,와플 쇼츠
SPMTG25C32,와플 버뮤다 쇼츠
SPBWG37W01,(QR) 리본 스트링 블라우스
SPKWG37W01,[COOL] 캡소매 레이어드 반팔 니트
SPJKGA9W01,[에센셜] 레귤러핏 재킷
SPTJG23KU5,[키즈] 벌룬 와이드 진
SPPPG37U23,[먼작귀] 먼가 작고 귀여운 여름 반팔 파자마(SPPPG25U05 RE)
SPJAG12KU1,[키즈] 패디드 바시티 점퍼
SPRNG37G03,[BRA-IN] 헨리넥 끈나시
SPWHG23KG1,[키즈] 플리츠 스커트 (속바지)
SPPPG11KU1,[키즈] (캐치!티니핑) 수면 파자마
SPRSG25C03,[내추럴코튼] 스트라이프 반팔티
SPJJG25GY1,시어 셔링 윈드브레이커
SPMZG24KG1,[키즈] 와플 크롭 후드 집업
SPCKG12W01,[소프트얀] 헤어리 칼라넥 집업
SPWHG23W13,플리츠 미디 스커트
SPRLG37U41,[포켓몬] 반팔 티셔츠 (SPRLG25U11 RE)
SPCKG23WS1,[메리노울블렌드] 여성 라운드넥 카디건
SPTMG25KG1,[키즈] 3.5부 레이스 팬츠
SPRLG37U47,[개구리 중사 케로로] 반팔 티셔츠 (SPRLG25U15 RE)
SPPPG37U15,[한화생명e스포츠] 반팔 파자마
SPMTG24G91,(QR) 벌룬 와이드 스웨트팬츠
SPRWG25C05,와플 헨리넥 반팔티
SPJJG24M03,[ACTIVE] 나일론 트러커 재킷
SPJKGA9W02,[에센셜] 여성 오버핏 재킷
SPMZG37U03,[LUCY] 후드 집업
SPKWG37W03,[COOL] 썸머 브이넥 니트
SPRNG37G05,골지 민소매 티
SPLWG23G05,도트 셔링 긴팔티
SPTJG23KG3,[키즈] 부츠컷 진
SPAWG25U02,[트릭컬 리바이브] 스피키 후드 담요
SPWJG23KG1,[키즈] 데님 스커트 팬츠
SPCKG11GY0,아가일 카디건
SPPPG25KU5,[키즈] (해리포터) 호그와트 매직패스 반팔 파자마
SPMWG12KU2,[키즈] 74 BROOKLYN 스웨트셔츠
SPRWGA9KU2,[키즈] [2PACK] COOL 레귤러핏 반팔티
SPTAG37M55,와이드 밴딩 팬츠 (레이온)
SPJEG23C01,데님 트러커 재킷
SPTNG25KU2,[키즈][COOL] 절개 7부 버뮤다 쇼츠
SPKWG23W01,[소프트얀] 여성 라운드넥 니트
SPGMG37CS2,[ACTIVE] 쿨 트리코트 쇼츠
SPRLG25U11,[포켓몬] 반팔 티셔츠
SPRLG25U15,[개구리 중사 케로로] 반팔 티셔츠
SPJLG11W01,[신세틱레더] 하프 무스탕 (SPJLF4VW01 RE)
SPAYGA9A04,[5PACK] 라이트 크루 삭스
SPTHG26C01,사선 카고 버뮤다 쇼츠
SPTHG37C02,워크 버뮤다 쇼츠
SPJJG23CY2,체크 후드 윈드브레이커
SPLAG23KU1,[키즈] 캠퍼스 래글런 긴팔티
SPMTG12C03,[프렌치테리] 와이드 조거 스웨트팬츠
SPTRGA9A22,[6PACK] 남성 모달 드로즈
SPTRGA9KU4,[키즈][5PACK] 남아 모달 드로즈
SPKWG12W05,[소프트얀] 여성 헤어리 하프집업 스웨터 (SPKWF4TW05 RE)
SPTCG23C02,턱 와이드 치노 팬츠
SPAKGA9A71,시어서커 셔링 스트링 호보백
SPJKG23M01,[시티웨어] 워크 재킷 (셋업)
SPTCG24G91,(QR) 카고 파라슈트 팬츠
SPRWG25G03,래글런 반팔티
SPLOG37A03,[COMFORT] 프릴 나시 파자마
SPPPG37U28,[리락쿠마] 쿠마들의 느긋한 반팔 파자마 (SPPPG25U09 RE)
SPJDG11KG3,[키즈] 파스텔 퍼 탈착 후드 푸퍼 (하이브리드 다운)
SPPPG11U13,[짱구] 못말리는 짱구 수면 파자마 (SPPPF4VU04 RE)
SPJPG11G16,여성 리버서블 덤블 점퍼
SPTNG25C02,캣브러쉬 데님 버뮤다 쇼츠
SPBWG23W03,벨티드 블라우스
SPPPG37U02,[헬로키티] 레오파드 슬립 파자마
SPMRGA9KU1,[키즈] [2PACK] 모달 탱크탑
SPAKGA9A01,(경량) 호보백
SPMNG12G51,스윗베어 후드 풀오버
SPLSG24KG9,[키즈] 골지 헨리넥 레이어드 긴팔티
SPOWG23W01,타이 미니 원피스
SPPPG37U27,[포켓몬] 반팔 파자마 (SPPPG25U15 RE)
SPTAG25M12,크링클 와이드팬츠
SPLOGA9KU3,[키즈] (망그러진곰) 라운지 상하세트
SPRSG24G01,멀티 스트라이프 반팔티
SPRLG37U02,[산리오캐릭터즈] 링거 크롭 반팔 티셔츠
SPTJG25G71,[COOL] 여성 커브 진
SPMRGA9A11,[COMFORT] 남성 심리스 브이넥 반팔티
SPRLG25U20,[miigo] 반팔 티셔츠
SPMTG24KG1,[키즈] 와플 와이드 팬츠
SPTAG23M52,히든밴딩 슈퍼 와이드 슬랙스
SPRWG37WS3,[소로나] 레귤러핏 반팔티
SPACGA9A50,(우디) 볼캡
SPJJG25KG4,[키즈] 라이트 프릴 윈드브레이커
SPMTGA9KU3,[키즈] 카고 와이드 스웨트팬츠
SPTCG23G04,투턱 와이드 치노 팬츠
SPMRGA9A12,[COMFORT] 남성 심리스 브이넥 민소매
SPMTG23KU1,[키즈] [프렌치테리] 와이드 스웨트팬츠
SPTCG24W91,(QR) 밴딩 팬츠
SPMWG23KU2,[키즈] 쿠디 그래픽 스웨트셔츠
SPDRGA9M02,[링클프리] 와이드칼라 드레스 셔츠
SPPPG37U01,[산리오캐릭터즈] 트윙클 프릴 민소매 파자마
SPYJG37C01,웨스턴 반팔 데님 셔츠
SPRPG25KG4,[키즈] 여아 BOSTON 레이어드 반팔티
SPYCG11C54,플란넬 오버핏 체크 셔츠 (SPYCF4TC54 RE)
SPTAG25M41,[COOL] 스트레이트 슬랙스
SPKWG11KU9,[키즈][코튼블렌드] 쿠디 라운드넥 스웨터
SPMTGA9KU4,[키즈] 카고 조거 스웨트팬츠
SPPPG37U17,[가나디] 반팔 파자마 (SPPPG25U06 RE)
SPRPG24KU3,[키즈][COOL] 래글런 반팔티
SPJEG23G02,데님 집업 재킷
SPPPG23U10,[먼작귀] 먼가 작고 귀여운 긴팔 파자마 (SPPPF49U05 RE)
SPRWG24KU1,[키즈][COOL] 쿠디 반팔티
SPMTG23KU2,[키즈] 벌룬 와이드 스웨트팬츠 (SPMTF49KU5 RE)
SPAYGA9A02,[5PACK] 라이트 스니커즈 삭스
SPAKGA9A05,(경량) 미니 백팩
SPRLG37U32,[담곰이] 반팔 티셔츠 (SPRLG25U01 RE)
SPMTG12G02,[프렌치테리] 여성 와이드 조거 스웨트팬츠
SPTAG25W03,[COOL] 스트레이트 슬랙스
SPMZG23CY2,BOSTON 래글런 후드 집업
SPTCGA9GS1,앵클 와이드 밴딩 팬츠
SPSMG25KG2,[키즈][COOL] 여아 스코츠 상하세트
SPTHG23WY1,랩 미니 스코츠
SPPPG11U06,[은혼] 테리 파자마
SPRPG24KU2,[키즈] EAST BOSTON 오버핏 반팔티
SPRPG38KU8,[키즈] 1980 루즈핏 반팔티_C
SPRWG25G90,드레이프 반팔티
SPTCG37G01,(RE) 벌룬 와이드 팬츠 (나일론)
SPJJG37U02,[하츠네미쿠] 윈드브레이커
SPLAG23KU2,[키즈] 레이어드 긴팔티
SPJPG11C16,리버서블 덤블 점퍼
SPACGA9A51,그래픽 볼캡
SPWPGA9KG3,[키즈][5PACK] 여아 모달 삼각팬티
SPTHG37KG1,[키즈] 여아 3.5부 쇼츠
SPAKGA9A02,(경량) 미니 크로스백
SPRPG38KU9,[키즈] CONANICUT 루즈핏 반팔티_C
SPRPG25C61,VRMT WILDLANDS 반팔티
SPLWG23C63,그래픽 레이어드 긴팔티
SPJJG23G11,여성 코듀로이 후드 집업
SPPPG23U14,[버터베어] 반팔 파자마
SPPPG23U11,[몰티즈] 긴팔 파자마
SPCKG12G51,(우디) 후드 스웨터
SPTAG25W01,[COOL] 앵클 와이드 슬랙스
SPKAG12M02,[메리노울블렌드] 터틀넥 니트(SPKAF4TM02 RE)
SPRPG37G51,BEANTOWN CITY 체인자수 슬림핏 반팔티
SPRLG24KU7,[키즈] (산리오캐릭터즈) 링거 반팔티
SPBWG25KG1,[키즈] 썸머 블라우스
SPRPG37GY0,넘버링 오프숄더 반팔티
SPAYGA9A12,[소프트코튼] 베이직 삭스
SPPPG23U12,[톰과제리] 긴팔 파자마
SPOWG25KG1,[키즈] 여아 썸머 체크 원피스
SPRWG25WS1,보트넥 5부 티셔츠
SPPPG37U03,[가나디] 프릴 민소매 파자마
SPSMG24KU4,[키즈] 베이직 반팔 셔츠 상하세트
SPTJGA9CS1,슬림 진
SPPPG37U18,[나루토] 반팔 파자마
SPLWG23KU2,[키즈] 스트라이프 레이어드 긴팔티
SPCKG23W03,[울캐시블렌드] 라운드넥 스트라이프 카디건
SPJJG25GS1,라이트 블루종
SPMZG11G55,BROOKLYN 피그먼트 후드 집업 (SPMZF49G55 RE)
SPTJG23GY1,플레어 와이드 진
SPWQGA9A01,[COOLTECH] 여성 속바지
SPRPG24GY0,플라워 헨리넥 반팔티
SPMTG37GY0,레이스 쇼츠
SPJKGA9M01,[에센셜] 레귤러핏 재킷
SPTJGA9GS1,슬림 진
SPWPGA9KG4,[키즈][5PACK] 여아 모달 드로즈
SPTCG23CY1,와이드 워크 팬츠
SPMZG11KU1,[키즈] NY.STATE 후드 집업 (기모)
SPLWG23GY0,오프숄더 긴팔티
SPMRGA9A01,[COOLTECH] 남성 라운드넥 반팔티
SPTCG24KU9,[키즈] 카고 와이드 팬츠 (나일론)
SPJKGA9M23,[ACTIVE] 이지 재킷
SPTCG37G90,와이드 사선 카고 밴딩 팬츠
SPRPG37C80,[COOL] (우디) 헤리티지 반팔티 (SPRPF24C50 RE)
SPTNG25G02,데님 4부 쇼츠
SPRPG37C63,[COOL] BOSTON 1630 반팔티 (SPRPG25C63 RE)
SPJJG37GY1,시어 셔링 윈드브레이커 (SPJJG25GY1 RE)
SPAWG37U09,[나루토] 수면안대
SPJKG24W02,스트랩 트위드 반팔 재킷
SPAWG25U07,[트릭컬 리바이브] 미니 아크릴 디오라마
SPRPG25C62,[COOL] NANTUCKET 반팔티
SPTCG37G91,[COOL] 랩 플레어 라이트 코튼 팬츠
SPTRGA9KU7,[키즈][5PACK] 남아 모달 컬러 드로즈
SPRPG37C84,[COOL] BROOKLYN 반팔티 (SPRPF37C63 RE)
SPMWGA9GS1,[프렌치테리] 여성 라운드넥 스웨트셔츠
SPMTG37G51,U.S.A 쇼츠
SPYSG23KU1,[키즈] 오버핏 스트라이프 셔츠
SPWRGA9A13,[COMFORT] 심리스 오프숄더 브라
SPAYGA9A11,[소프트코튼] 파스텔 삭스
SPRLG24KU4,[키즈] (포켓몬) 반팔티
SPRLG37U14,[호빵맨] 반팔 티셔츠
SPRLG25KG1,[키즈] (캐치!티니핑6) 반팔티
SPJEG23C02,데님 워크 재킷
SPMRGA9A02,[COOLTECH] 남성 라운드넥 민소매
SPJKGA9M02,[에센셜] 오버핏 재킷
SPWHG37G02,벌룬 미니 스커트
SPRLG37U39,[산리오캐릭터즈] 세미 크롭 반팔 티셔츠 (SPRLG25U06 RE)
SPARG37KG3,[키즈] (캐치!티니핑6) 여아 래쉬가드 세트
SPTHG37G12,트랙 쇼츠 (나일론)
SPJJG23KG1,[키즈] 셔링 윈드크레이커
SPJDG11KG2,[키즈] 파스텔 후드푸퍼 (하이브리드 다운)
SPTCG25G04,여성 와이드 밴딩 팬츠 (레이온)
SPRLG37U37,[짱구] 반팔 티셔츠 (SPRLG25U07 RE)
SPRPG25C64,[COOL] RUNLIFE 반팔티
SPWRGA9KG1,[키즈][2PACK] 여아 모달 캐미솔
SPKWG23WS1,[메리노울블렌드] 여성 라운드넥 반팔 니트
SPCKG11KU2,[키즈] 스트라이프 카디건
SPRPG24G91,(QR) 레터 넘버링 오프숄더 반팔티
SPRPG26C62,[COOL] SUNSET 반팔티
SPYWG25W04,오픈칼라 반팔 셔츠
SPMWG12KU1,[키즈] (캐치!티니핑) 스웨트셔츠
SPTCG23G05,벌룬 와이드 팬츠 (저지)
SPYCG23G05,여성 오버핏 체크 셔츠
SPAKGA9A04,(경량) 숄더백
SPTCGA9CS1,[링클프리] 테이퍼드 치노 팬츠
SPRLG37U08,[리락쿠마] 배색 반팔 티셔츠
SPLSG12G01,여성 멀티스트라이프 칼라넥 긴팔티
SPTCG23KU2,[키즈] 벌룬 코튼 팬츠
SPYWG25M12,크링클 반팔 셔츠재킷
SPSMG25KU2,[키즈][COOL] 오버핏 그래픽 링거 상하세트
SPRNG37G89,[BRA-IN] 캡내장 레이스 헨리넥 나시
SPTJG24CS1,테이퍼드 밴딩 팬츠 (데님)
SPTJG11C21,[WARM] 테이퍼드 진
SPYWG23W03,슬림핏 셔츠
SPJJG23C21,초어 재킷
SPBRGA9KG1,[키즈][COMFORT] 1단계 심리스 브라
SPJJG37G90,도트 후드 윈드브레이커 (SPJJG24G91 RE)
SPPPG37U22,[짱구] 꿀잠 자는 짱구 반팔 파자마 (SPPPG25U02 RE)
SPKWG11KU2,[키즈] 코튼블렌드 스트라이프 칼라넥 스웨터
SPRPG37C88,[COOL] (우디) 반팔티
SPJJG37U03,[마이페이브아카이브] 라이트 패커블 윈드브레이커
SPMTGA9KU1,[키즈] 조거 스웨트팬츠
SPSMG11KU1,[키즈] (망그러진곰) 상하세트 (기모)
SPKWG11C51,럭비 스트라이프 스웨터
SPBWG23W05,오픈칼라 블라우스
SPJVG11KU2,[키즈] 베이직 패쪼
SPWHG25KG1,[키즈] 체크 캉캉 스커트 (속바지)
SPYWGA9KU1,[키즈] 레귤러핏 옥스포드 셔츠
SPRLG37U11,[LUCY] 링거 티셔츠
SPAKGA9A74,도트 꼬임 숄더백
SPRPG24KG2,[키즈] 여아 링거 반팔티
SPJDG11KU1,[키즈] 베이직 푸퍼 (하이브리드 다운)
SPCKG25G02,[COOL] 칼라넥 골지 반팔 카디건
SPRLG24KU1,[키즈] (망그러진곰) 반팔티
SPTAG23W02,앵클 와이드 슬랙스
SPRLG37U09,[산리오캐릭터즈] 슬림핏 반팔 티셔츠
SPRPG25G52,도트 아플리케 반팔티
SPTAG25W02,[COOL] 롱 와이드 슬랙스
SPLWG12G50,(우디) 헨리넥 긴팔티
SPWPGA9A12,[COMFORT] 여성 심리스 사각 팬티
SPRNGA9A20,[COMFORT] 여성 모달 캐미솔
SPRPG37C86,[COOL] (CONANICUT) 반팔티
SPMTG24G92,(QR) 레이어드 부츠컷 팬츠
SPTCGA9KU1,[키즈] 코튼스판 치노 팬츠
SPTHG24KU3,[키즈] 코튼스판 카펜터 쇼츠
SPRWG25G09,삼각무 스티치 반팔티
SPRPG25KG2,[키즈] ALLSTON 레이어드 반팔티
SPMRGA9A03,[COOLTECH] 남성 메쉬 라운드넥 반팔티
SPYCG37G51,체크 슬림핏 반팔 셔츠 (SPYCG25G51 RE)
SPKWG12GY0,NYC 반오픈 스웨터
SPAKGA9A10,(경량) 패커블 컴팩트 백팩
SPLAG23U01,[산리오캐릭터즈] 긴팔티
SPSMG24KU5,[키즈][COOL] 그래픽 반팔 상하세트
SPRSG24KU3,[키즈] 오버핏 스트라이프 반팔티
SPMTG23U01,[진격의거인] 와이드 스웻팬츠
SPKWG12M03,[소프트얀] 케이블 하프 집업 니트
SPMTG37C02,[COOL] 원턱 버뮤다 쇼츠 (SPMTG26C02 RE)
SPJJG25CS1,[ACTIVE] 스트레치 반팔 아노락
SPMNG23G60,BOSTON 빅레터 후드 풀오버
SPJJG37G01,[UV차단] 라이트 후드 윈드브레이커 (SPJJG25G01 RE)
SPJEG23G01,여성 데님 트러커 재킷
SPTJG11KU1,[키즈] [WARM] 벌룬 롱 와이드 진
SPSMG24KU3,[키즈] 하프집업 반팔 상하세트
SPTRGA9KU2,[키즈][2PACK] 남아 모달 드로즈
SPTCG23KU4,[키즈] 코튼스판 조거 팬츠
SPLOG37A04,[COMFORT] 면스판 반팔 파자마
SPHWG26C61,멀티 스트라이프 럭비티
SPJVG25C21,[시티웨어] 베스트
SPKWG12C51,(우디) 스트라이프 스웨터
SPRLG37U01,[망그러진곰] 래글런 반팔 티셔츠
SPTJG25G32,경량 절개 와이드 팬츠
SPRLG24KU6,[키즈] (망그러진곰) 래글런 반팔티
SPMWG23KU3,[키즈] 배색 그래픽 스웨트셔츠
SPSMG37KU3,[키즈] (산리오캐릭터즈) 반팔 데님 상하세트(SPSMG25KU3 RE)
SPPPG23U13,[한교동] 하프 팬츠 파자마
SPCKG24KG1,[키즈] 여아 썸머 골지 카디건
SPLOG24KU4,[키즈] (포켓피스) 3부 모달 실내복
SPJLG12M04,[신세틱레더] 레더 블루종 (SPJLF49M04 RE)
SPBWG23W04,프릴 블라우스
SPWRGA9A04,[COOLTECH] 여성 브라 탱크탑
SPRPG25G50,멀티 스트라이프 헨리넥 반팔티
SPRPG38KU7,[키즈] NANTUCKET 루즈핏 반팔티_C
SPWPGA9KG7,[키즈][5PACK] 여아 모달 컬러 드로즈
SPLOG24KG1,[키즈] (캐치!티니핑6) 3부 실내복 상하세트
SPJJG23KU3,[키즈] 집업 블루종
SPPPG37U05,[LUCY] 반팔 파자마
SPTJG25KU1,[키즈][COOL] 절개 롱 와이드진
SPJJG23KU2,[키즈] 파스텔 윈드브레이커
SPKAG12M01,[메리노울블렌드] 모크넥 니트(SPKAF4TM01 RE)
SPJJG23G12,여성 초어 재킷
SPRLG37U25,[한화생명e스포츠] 유니폼 반팔 티셔츠
SPPPG25U26,[리락쿠마] 프릴 민소매 파자마
SPRLG37U42,[miigo] 반팔 티셔츠 (SPRLG25U20 RE)
SPLWG25G91,(QR) 체크 나시 카디건 세트
SPWRGA9KG2,[키즈] 여아 모달 브라 캐미솔
SPFZG11C50,BROOKLYN 플리스 하프 집업
SPRLG37U31,[호빵맨] 세균맨 반팔 티셔츠
SPWHG23W14,레이어드 롱 스커트
SPWMG23G01,맥시 스커트
SPTRGA9A01,[COOLTECH] 남성 COOL 메쉬 드로즈
SPMRGA9KU2,[키즈][COOLTECH][2PACK] 메쉬 탱크탑
SPACGA9KU1,[키즈] 쿠디 볼캡
SPJPG12CY1,라이트 리버서블 재킷
SPWPGA9A22,[6PACK] 여성 힙허거 팬티
SPRWG37KU9,[키즈] [3PACK] COOL 레귤러핏 반팔티_C
SPPPG23U08,[망그러진곰] 셔링 파자마
SPMTG12KU1,[키즈][프렌치테리] 와이드 스웨트팬츠 (기모)
SPBNG38W93,(QR) 프릴 나시 블라우스 (SPBNG24W93 RE)
SPJJG25CS2,[ACTIVE] 스트레치 반팔 풀오버
SPWHG25W02,레이어드 미디 스커트
SPFWG11C91,(QR) 배색 플리스 반집업
SPJVG37U01,[나루토] 나일론 베스트
SPPPG25U19,[악마는 프라다를 입는다] 파자마
SPRLG24KU8,[키즈] (포켓피스) 반팔티
SPAKG23U02,[한교동] 노트북 파우치
SPKNG37G01,스캘럽 헨리넥 나시
SPMWG12KU9,[키즈] NYC 자수 하프 집업
SPRLG25U08,[몰티즈] 반팔 티셔츠
SPJJG23GY1,숏 워크 재킷
SPRLG24KU5,[키즈] (리락쿠마) 반팔 티셔츠
SPJJG37G03,플라워 윈드브레이커 (SPJJG25G03 RE)
SPCKG25M01,[COOL] 칼라넥 반팔 카디건
SPSMG25KG5,[키즈][COOL] 여아 링거 스커트 상하세트
SPAYGA9KU1,[키즈] 쿠디 크루 삭스
SPJLG11W97,(QR) [신세틱레더] 페이크 퍼 집업 숏 재킷
SPAKG23U01,[가나디] 당도체고 노트북 파우치
SPLOG24KU2,[키즈] (망그러진곰) 7부 모달 실내복
SPPPG11U05,[부루부루도그] 수면 파자마
SPTHG26G02,피그먼트 버뮤다 팬츠
SPLAG23U03,[망그러진곰] 긴팔티
SPCKG12M01,[코튼블렌드] 하이넥 집업 카디건
SPKWG11KU1,[키즈] [소프트얀] 하찌 라운드넥 스웨터
SPRPG25KG1,[키즈][COOL] 여아 루즈핏 크롭 반팔티
SPRLG37U07,[트위티] 래글런 반팔 티셔츠
SPRLG23U04,[버터베어] 링거 크롭 반팔 티셔츠
SPRLG37U43,[헬로키티] 슬림핏 반팔 티셔츠
SPLOGA9KU1,[키즈] 골지 라운지 상하세트
SPJLG12W12,[신세틱레더] 여성 레더 블루종 (SPJLF49W12 RE)
SPBWG25W02,(QR) 페전트 블라우스
SPMTG23GY0,카모 카고 버뮤다 쇼츠
SPOWG37G90,(QR) 절개 롱 원피스
SPKWG23WS2,[메리노울블렌드] 여성 라운드넥 니트
SPKWG12GY1,체인자수 스웨터
SPWPGA9KG1,[키즈][2PACK] 여아 모달 삼각팬티
SPYJGA9CS1,릴랙스핏 데님 셔츠
SPPPG25KU6,[키즈] (트위티) 블루밍 반팔 파자마
SPRPG37C62,NANTUCKET 74 반팔티 (SPRPG24C62 RE)
SPTAG25W12,데님라이크 와이드 슬랙스
SPPPG11KU2,[키즈] 쿠디 플란넬 파자마
SPRPG25KG8,[키즈] 여아 체크 프릴 반팔티
SPRWG24G91,셔링 반팔티
SPRPG37C64,[COOL] NANTUCKET 반팔티 (SPRPG25C62 RE)
SPPPG37KU2,[키즈] (다마고치) 반팔 파자마
SPRLG37U40,[2PACK] 먼작귀 반팔 티셔츠
SPCKG12G91,(QR) 스트라이프 후드 카디건
SPAYGA9KU0,[키즈] [5PACK] 라이트 미들 삭스
SPCKG25G04,[COOL] 후드 카디건
SPJJG24KU1,[키즈] 파스텔 윈드브레이커 (SPJJG23KU2 RE)
SPAYGA9A50,(우디) 삭스
SPWRGA9KG3,[키즈][COOLTECH][2PACK] 여아 캐미솔
SPAKGA9A03,[ACTIVE] (경량) 슬링백
SPKWG37WS2,[리넨블렌드] 브이넥 루즈핏 니트
SPLAG12KU2,[키즈] (망그러진곰) 긴팔 티셔츠
SPRLG25U23,[리락쿠마] 슬림핏 반팔 티셔츠
SPMNG12G50,스윗베어 크롭 스웨트셔츠
SPBRGA9KG3,[키즈][COOLTECH] 1단계 심리스 메쉬 브라
SPRPG37G90,(QR) 스터드 레이어드 반팔티
SPTRGA9KU3,[키즈][5PACK] 남아 모달 삼각팬티
SPMWG12KG9,[키즈] 여아 레이어드 집업 스웨트셔츠
SPYWG25M11,[시티웨어] 오버핏 반팔 셔츠재킷
SPRLG23U03,[버터베어] 반팔 티셔츠
SPLAG23U04,[포켓몬] 긴팔티
SPMHG11U01,[다마고치] 후드 스웨트셔츠
SPRPG37C69,VRMT WILDLANDS 반팔티 (SPRPG25C61 RE)
SPMTG12KU2,[키즈] 커브드 벌룬핏 스웨트팬츠 (기모)
SPWPGA9KG6,[키즈][5PACK] 여아 모달 컬러 삼각팬티
SPPPG37U08,[호빵맨] 하프 팬츠 파자마
SPRNG25C60,[COOL] BOSTON 민소매 티
SPYCG37C99,(QR) 체크 셔츠 (SPYCG23C99 RE)
SPKWG23G02,[소프트얀] 타이 슬림 니트
SPABGA9A55,여성 이태리레더 벨트
SPAKG25U01,[개구리 중사 케로로] 노트북 파우치
SPXVGAVKU1,[키즈] [WARMTECH] 상하세트
SPPPG25U16,[포켓몬] 하프 팬츠 파자마
SPJVG12C22,[씬라이트] 리버서블 아노락 패쪼
SPMTG24KU1,[키즈] 트리코트 조거 팬츠
SPBRGA9KG2,[키즈][COMFORT] 2단계 심리스 브라
SPRLG37U04,[몰티즈] 래글런 반팔 티셔츠
SPYWG37C55,오버핏 반팔 옥스포드 셔츠
SPAKGA9A79,더플백
SPJJG37U04,[한화생명e스포츠] 트랙 재킷
SPRLG24KU3,[키즈] (짱구) 래글런 반팔티
SPRLG37U29,[마이페이브아카이브] 반팔 티셔츠
SPPPG37KU3,[키즈] (토이스토리) 반팔 파자마
SPAKGA9A86,나일론 투핸들 토트백
SPYWG37C05,[시티웨어] 오버핏 반팔 셔츠 (SPYWG25C05 RE)
SPRLG37U12,[LUCY] 반팔 티셔츠
SPRLGA9U01,[2PACK] 몰티즈 반팔 티셔츠
SPYCG26C99,(QR) 반팔 체크 셔츠
SPWRG37A01,[COOLTECH] 심리스 경량 후크 브라
SPRLG25U13,[트위티] 반팔 티셔츠
SPAWG25U06,[트릭컬 리바이브] 미니 아크릴 블록
SPAKGA9KG7,[키즈] (경량) 미니 크로스백
SPYJG23KU1,[키즈] 쿨 경량 데님 셔츠
SPTHG24KU2,[키즈] 면 경량 트윌 7부 팬츠
SPBWG37W02,(QR) 레이어드 시스루 블라우스
SPFZG11KU1,[키즈] 베이직 퍼플리스 집업 (SPFZF4TKU1 RE)
SPAKGA9KG4,[키즈] 글로시 데이 백팩
SPSMG37KG1,[키즈] 여아 골지 상하세트
SPAYGA9KU2,[키즈] 배색 크루 삭스
SPTJG37C52,[COOL] 벌룬 와이드 진 (SPTJG25C52 RE)
SPWHG24G93,(QR) 카고 미니 스커트
SPOWG37G91,(QR) 셔링 롱 원피스
SPRPG38KU6,[키즈] ROWING 루즈핏 반팔티_C
SPJJG26C01,[ACTIVE] 후드 베스트
SPWPGA9KG2,[키즈][2PACK] 여아 모달 드로즈
SPRPG37C70,BOSTON 일러스트 반팔티 (SPRPG25C70 RE)
SPJDG11W22,[프리미엄] 여성 패딩 코트 (다운)
SPAKGA9KU2,[키즈] 쿠디 데이 백팩
SPJJG23M07,헌팅 집업
SPRLG24KU9,[키즈] (망그러진곰) 생일축하해 반팔티
SPBWG25KG2,[키즈] 여아 썸머 뷔스티에
SPTRGA9A11,[COMFORT] 남성 심리스 드로즈
SPTHG25KG1,[키즈] 여아 썸머 체크 쇼츠
SPJJG25U01,[개구리 중사 케로로] 라이트 패커블 윈드브레이커
SPRLG37U16,[하츠네미쿠] 풋볼 저지 반팔티
SPRPG38KU5,[키즈] BOSTON 레귤러핏 반팔티_C
SPAKGA9A11,(경량) 패커블 백팩
SPRWG37G91,(QR) 셔츠 레이어드 반팔티
SPRLG37U03,[짱구] 래글런 반팔 티셔츠
SPABGA9A51,남성 이태리레더 D링 벨트
SPAKG24A01,시어서커 빅 숄더백
SPSMG25KU4,[키즈] (먼작귀) 반팔 상하세트
SPLWG23G92,(QR) 나시 레이어드 버튼 긴팔티
SPLWG12G94,(QR) 모크넥 긴팔티
SPTJG23C54,컬러 와이드 진
SPMTGA9KU2,[키즈] 부츠컷 스웨트팬츠
SPARG37KU1,[키즈] (망그러진곰) 래쉬가드 세트
SPRPG25KG5,[키즈] 여아 스트라이프 레이어드 반팔티
SPRPG37G33,(릴리) 헤리티지 반팔티 (SPRPG25G51 RE)
SPJJG24M02,리넨블렌드 트러커 재킷
SPABGA9A53,남성 이태리레더 볼륨 벨트
SPLWG24G93,(QR) 에스닉 허리끈 긴팔티
SPRLG25U14,[톰과제리] 스트라이프 반팔 티셔츠
SPRLG37U20,[하츠네미쿠] 배색 반팔 티셔츠
SPRLG37U34,[망그러진곰] 반팔 티셔츠 (SPRLG25U03 RE)
SPLAG23U02,[산리오캐릭터즈] 코튼스판 라운드넥 긴팔티
SPKWG25M04,[코튼블렌드] 라운드넥 반팔 니트
SPABGA9A52,남성 이태리레더 벨트
SPRNG37G80,(QR) [BRA-IN] 레이어드 나시
SPAKG37U04,[호빵맨] 도시락 가방
SPBWG23W02,랩 블라우스
SPCKG12KG1,[키즈] 아가일 카디건
SPPGGA9A91,(QR) 멀티스트랩 메리제인 스니커즈
SPJPG12C21,[씬라이트] 아노락 패딩
SPTCG24KU2,[키즈] 스트라이프 와이드 팬츠
SPAKG37U01,[LUCY] 스트링 짐색
SPRPGA9KU1,[키즈] 서울 호랑이 반팔티
SPYWG25W51,[링클프리] 반팔 셔츠
SPRLG37U21,[하츠네미쿠] 반팔 티셔츠
SPRPGA9KU2,[키즈] 서울투어 반팔티
SPRLG25U21,[miigo] 세미 크롭 반팔 티셔츠
SPRWG37G31,도트 반팔티 (SPRWG25G07 RE)
SPTHG37KU3,[키즈] 4부 쇼츠 (나일론)
SPTJG37G52,[COOL] 여성 벌룬 와이드 진 (SPTJG25G52 RE)
SPTHG25G01,저지 버뮤다 팬츠
SPRWG25C61,배색 스티치 와플 반팔티
SPTJGA9G61,앵클 부츠컷 진
SPPPG37U24,[버터베어] 반팔 파자마 (SPPPG23U14 RE)
SPRNG37G22,[BRA-IN] 골지 민소매 티 (SPRNG24G02 RE)
SPCKG12G90,(QR) 스트라이프 카라넥 카디건
SPACGA9KU2,[키즈] 그래픽 볼캡
SPJDG11M05,[프리미엄] 패딩 코트 (다운)
SPAKG25U02,[미니틴] 경량 백팩
SPYWG25KU1,[키즈] 썸머 오버핏 셔츠
SPYWGA9M01,레귤러핏 옥스포드 셔츠
SPAYGA9KU3,[키즈][5PACK] 배색 크루 삭스
SPRWG37G33,드레이프 반팔티(SPRWG25G90 RE)
SPWHG37GY1,(QR) 체크 티어드 미니 스커트
SPBWG37W11,셔링 레이스 반팔 블라우스 (SPBWG25W01 RE)
SPRLG25KU5,[키즈] (미니틴) 반팔티
SPAKGA9KG6,[키즈] (경량) 플랩형 미니 백팩
SPWQGA9A21,[COMFORT] 여성 모달 트렁크
SPAKGA9A83,3WAY 아웃포켓 백팩
SPRLG37KU3,[키즈] (산리오캐릭터즈) 반팔티 (SPRLG24KU2 RE)
SPJJG11W91,(QR) 퍼배색 라이더 재킷
SPLAG12KU1,[키즈] (산리오캐릭터즈) 긴팔 티셔츠
SPACG37U01,[LUCY] 볼캡
SPARG37KG2,[키즈] (망그러진곰) 여아 래쉬가드 세트
SPRLG37KU4,[키즈] (망그러진곰) 반팔티 (SPRLG24KU1 RE)
SPWHG24G91,(QR) 체크 티어드 미니 스커트
SPAKGA9A76,(우디) 미니 토트백
SPRNG37GY0,U.S.A. 레이스 끈나시
SPWRGA9A15,[COMFORT] 모달 브라렛
SPRPG25KU4,[키즈][COOL] BOSTON 1630 반팔티
SPAKGA9A75,(우디) 플랩 백팩
SPKWG24G92,(QR) 헨리넥 캡소매 니트
SPRPG37KG5,[키즈][COOL] 여아 고양이 루즈핏 반팔티
SPMHG11KU9,[키즈] 쿠디 홀리데이 후드 스웨트셔츠 (기모)
SPAKGA9KG3,[키즈] 오로라 미니 크로스백
SPRLG37U48,[헬로키티] 반팔 티셔츠
SPTHG24KU1,[키즈] 코튼 5부 와이드 쇼츠
SPAKGA9KU1,[키즈] 베이직 고학년 백팩
SPAKG37U07,[마이페이브아카이브] 레오파드 꼬임 숄더백
SPLOG24G91,(QR) 도트 라운지 팬츠
SPKVG12W90,(QR) 터틀넥 스웨터 베스트
SPRLG25U17,[악마는 프라다를 입는다] 반팔 티셔츠
SPTHG25M11,[시티웨어] 버뮤다팬츠
SPTMG24KU1,[키즈] 트리코트 7부 팬츠
SPLOGA9KU4,[키즈] (짱구) 라운지 상하세트
SPMTG25KG1,[키즈] 여아 스트랩 와이드 스웨트팬츠 (SPMTG23KG9 RE)
SPBNG38W95,(QR) 체크 프릴 민소매 블라우스 (SPBNG24W95 RE)
SPBNGA9W51,끈 나시 블라우스 (리버시블)
SPKAG23WS1,[메리노울블렌드] 립 터틀넥 니트
SPAYG25A01,[COOLTECH] 페이크 삭스
SPLOG37A02,[COMFORT] 프릴 나시 원피스 파자마
SPAKGA9A82,아웃포켓 버클호보백
SPLWG12G91,(QR) 모크넥 절개 긴팔티 (기모)
SPRWG37G04,[소로나] 루즈핏 반팔티
SPAWG11U06,[헌터X헌터] 장패드
SPRPG37C83,BLOCK ISLAND 반팔티 (SPRPF24C52 RE)
SPAKGA9A73,HOAR 라운드 숄더백
SPTJGA9G52,앵클 와이드 진
SPJLG12KU1,[키즈] (신세틱레더) 스웨이드 재킷
SPCKG37WS3,[리넨블렌드] 브이넥 루즈핏 카디건
SPJLG11W96,(QR) [신세틱레더] 페이크 퍼 더플 하프 코트
SPRNG37G98,[BRA-IN] 캡내장 레이스 브이넥 나시
SPPPG25U23,(QR) [망그러진곰] 망고미랑 생일 축하해 패키지
SPWHG37GY2,(QR) 절개 벌룬 롱 스커트
SPLOGA9A03,[COMFORT] 시어서커 10부 팬츠 파자마
SPCKG23W20,[메리노울100] 라운드넥 카디건
SPMZG37U04,[한화생명e스포츠] 후드 집업
SPPPG37U26,[망그러진곰] 망고미 반팔 파자마 (SPPPG25U03 RE)
SPRNG24G99,(QR) [BRA-IN] 레이스 헨리넥 나시
SPPPG25U22,[SPAO X Miseki SEOUL] 파자마 (BLACK)
SPLOGA9A02,[COMFORT] 남성 시어서커 5부 팬츠 파자마
SPJJG23G99,(QR) 하이넥 블루종
SPRWG37G07,레이어드 체크 반팔티 (SPRWG24G92 RE)
SPRPG25KG3,[키즈] NANTUCKET 래글런 반팔티
SPMTG25KU1,[키즈] 절개 와이드 스웨트팬츠
SPRLG25KU1,[키즈] (가나디) 붉은악마 반팔티
SPKWG25M05,[COOL] 부클 스트라이프 반팔 니트
SPJLG11W98,(QR) [신세틱레더] 퍼배색 레더 블루종
SPRPG37C52,(우디) 프렌즈 반팔티 (SPRPG25C52 RE)
